test,mean_monthly,t_stat,p_value,significant_5pct
Newey-West (lags=3),0.057070527,6.434481574968569,1.2389546552426267e-10,True
i.i.d. t-test,0.057070527,7.666091513850151,1.9083388570414405e-12,True
Wilcoxon signed-rank,0.057070527,2089.0,2.6294511147251765e-12,True
