quintile,label,mean_return_monthly,std_return,sharpe_annual,n_months
1,Low anomaly,0.0071709254,0.03898824,0.6371360865500453,155
2,Q2,0.0062968144,0.040323038,0.5409514135853565,155
3,Q3,0.006259769,0.044661973,0.4855243849414973,155
4,Q4,0.0052929735,0.05301886,0.3458278511961666,155
5,High anomaly,0.0036113008,0.06857932,0.1824152277783905,155
0,High - Low,-0.003559624,0.037537057,-0.3284993586724349,155
