quintile,label,mean_return_monthly,std_return,sharpe_annual,n_months
1,Low anomaly,0.005412864,0.04719241,0.39732472783026224,155
2,Q2,0.00562493,0.04766223,0.408821187067281,155
3,Q3,0.0063344417,0.048085447,0.4563366022698733,155
4,Q4,0.0062624523,0.049206726,0.4408700636209626,155
5,High anomaly,0.004871942,0.049520757,0.34080461235062887,155
0,High - Low,-0.0005409217,0.006625952,-0.2827982528816195,155
