group,n,mean_cum_ret,std,sharpe_annual
Low→High anomaly (transition),300,0.05973357,0.30693945,0.27522048020953294
Low→Low anomaly (control),22360,0.025537685,0.09587043,0.37671409537437434
Transition − Control (spread),300,0.019145822,0.3252603,0.0832449569902915
