test,mean_monthly,t_stat,p_value,significant_5pct
Newey-West (lags=3),-0.0013593405,-2.2482318228059404,0.02456141147787833,True
i.i.d. t-test,-0.0013593405,-2.55127413057108,0.01170768242413271,True
Wilcoxon signed-rank,-0.0013593405,4433.0,0.003979276116519524,True
